"トラフィックカテゴリー","アクセス元","サイトセッション","ページ閲覧数","ユニーク訪問者"
"直接検索","直接検索","1,214","2,637","815"
"オーガニック検索","Google","877","2,245","710"
"紹介プログラム","weblab.t.u-tokyo.ac.jp","275","537","259"
"オーガニック検索","Bing","160","379","142"
"オーガニック SNS","Twitter","58","128","55"
"紹介プログラム","atma.connpass.com","46","99","42"
"オーガニック検索","Yahoo","41","124","31"
"有料検索","Google","28","65","25"
"紹介プログラム","guruguru.science","24","57","23"
"紹介プログラム","prtimes.jp","20","73","20"
"紹介プログラム","statics.teams.cdn.office.net","17","33","14"
"オーガニック SNS","Youtube","15","26","15"
"紹介プログラム","editor.wix.com","12","44","1"
"紹介プログラム","anlp.jp","8","15","8"
"紹介プログラム","elith.connpass.com","7","13","6"
"オーガニック SNS","Facebook","6","21","5"
"紹介プログラム","Google","5","8","5"
"紹介プログラム","deep30.vc","4","13","4"
"AI プラットフォーム","ChatGPT","4","8","2"
"紹介プログラム","manage.wix.com","3","12","2"
"紹介プログラム","peatix.com","3","3","3"
"紹介プログラム","en-japan.lightning.force.com","3","8","2"
"紹介プログラム","block.opendns.com","2","7","2"
"紹介プログラム","comportal.exp.comsys.co.jp","2","8","1"
"紹介プログラム","10.97.1.254","2","2","1"
"紹介プログラム","hrbc-jp.porterscloud.com","2","3","2"
"紹介プログラム","35.200.126.168","2","3","1"
"紹介プログラム","preview.studio.site","2","5","2"
"紹介プログラム","copilot.microsoft.com","2","2","1"
"紹介プログラム","wantedly.com","2","6","2"
"オーガニック検索","DuckDuckGo","2","29","2"
"紹介プログラム","server10.head.kumika.local","2","2","2"
"紹介プログラム","jpc-excel.officeapps.live.com","1","1","1"
"紹介プログラム","stripe.lightning.force.com","1","2","1"
"紹介プログラム","com.wantedly.android.student","1","5","1"
"紹介プログラム","workflow.layerx.jp","1","9","1"
"紹介プログラム","jp.inoreader.com","1","1","1"
"紹介プログラム","wandb.lightning.force.com","1","2","1"
"紹介プログラム","stock-app.jp","1","6","1"
"紹介プログラム","hi-think.jp.larksuite.com","1","1","1"
"紹介プログラム","dnet751794.kagoyacloud.com","1","1","1"
"紹介プログラム","willtec-group.cb-space.net","1","5","1"
"紹介プログラム","mail.nifty.com","1","1","1"
"紹介プログラム","platform.levtech.jp","1","17","1"
"紹介プログラム","44528014.hubspotpreview-na2.com","1","1","1"
"wix_automations","Automated email","1","2","1"
"AI プラットフォーム","Gemini","1","3","1"
"紹介プログラム","ippo.lightning.force.com","1","2","1"
